year,avg_rating
2008,3.9
2009,3.375
2010,4.0
2011,3.5
2012,4.0
2013,4.5
2014,3.0
2015,3.6153846153846154
2016,4.111111111111111
2017,3.933333333333333
2018,3.611111111111111
